country,year,composition_basis,weather_basis,food_pct,paper_pct,plastic_pct,paper_plastic_pct,wood_pct,textile_pct,yard_or_horticultural_pct,precipitation_mm_total,precipitation_days_1mm,relative_humidity_pct,temp_mean_c,composition_score_0_100,weather_moisture_score_0_100,final_risk_score_0_100,final_risk_level,data_quality_score_0_100,wang2021_eq14_lhv_mj_per_kg,lin2015_eq26_lhv_mj_per_kg,kumar2023_mlr2_lhv_mj_per_kg,korea_kwon2017_mean_lhv_mj_per_kg,korea_bae2024_general_mean_lhv_mj_per_kg,best_available_lhv_mj_per_kg,best_available_lhv_model,lhv_interpretation_type,lhv_caution_band,final_decision_class,caveat
Indonesia,2019,country_year_panel,NASA POWER Daily API aggregated annual,40.799,11.699,15.879,27.578,,,,1905.26,217,78.87,27.713,67.64,59.62,64.03,Medium,100,9.622,4.753,11.626,,,9.622,Wang2021_Eq14_composition_model,composition-model,Low/caution,LHV caution: verify with sampling before WtE commitment,
Indonesia,2020,country_year_panel,NASA POWER Daily API aggregated annual,40.799,11.699,15.879,27.578,,,,2669.54,303,83.051,27.565,67.64,85.28,75.58,High,100,9.622,4.753,11.626,,,9.622,Wang2021_Eq14_composition_model,composition-model,Low/caution,"High priority: source separation, drying/storage control, RDF/pre-treatment screening",
Indonesia,2021,country_year_panel,NASA POWER Daily API aggregated annual,38.95,11.649,17.85,29.499,,,,2947.07,304,83.241,27.327,60.63,91.06,74.32,High,100,9.756,5.179,11.94,,,9.756,Wang2021_Eq14_composition_model,composition-model,Low/caution,"High priority: source separation, drying/storage control, RDF/pre-treatment screening",
Indonesia,2022,country_year_panel,NASA POWER Daily API aggregated annual,39.899,11.25,18.399,29.649,,,,2355.44,323,83.12,27.282,61.96,79.08,69.66,Medium,100,9.758,5.256,12.141,,,9.758,Wang2021_Eq14_composition_model,composition-model,Low/caution,LHV caution: verify with sampling before WtE commitment,
Indonesia,2023,country_year_panel,NASA POWER Daily API aggregated annual,39.639,10.78,19.19,29.969,,,,1617.71,234,80.013,27.815,60.87,58.04,59.6,Medium,100,9.773,5.378,12.289,,,9.773,Wang2021_Eq14_composition_model,composition-model,Low/caution,LHV caution: verify with sampling before WtE commitment,
Indonesia,2024,country_year_panel,NASA POWER Daily API aggregated annual,39.36,11.229,19.41,30.639,,,,2399.88,259,81.262,28.134,59.05,77.8,67.49,Medium,100,9.826,5.475,12.339,,,9.826,Wang2021_Eq14_composition_model,composition-model,Low/caution,LHV caution: verify with sampling before WtE commitment,
Indonesia,2025,country_year_panel,NASA POWER Daily API aggregated annual,34.847,9.359,15.103,24.462,,,,2922.86,313,82.897,27.635,63.67,90.17,75.6,High,100,9.389,4.328,10.789,,,9.389,Wang2021_Eq14_composition_model,composition-model,Low/caution,"High priority: source separation, drying/storage control, RDF/pre-treatment screening",
Singapore,2020,singapore_disposed_waste_proxy,MSS/NEA Changi daily weather + data.gov.sg S24 Upper Changi humidity,18.972,25.062,29.285,54.347,3.837,4.611,2.253,1886.6,145,79.146,28.05,15.38,47.57,29.87,Low,75,11.697,10.066,14.554,,,11.697,Wang2021_Eq14_composition_model,composition-model,Favorable,Lower relative risk: maintain verification and routine quality control,"Singapore composition replaced with disposed waste proxy, closer to incineration feedstock than generated totals. Singapore weather replaced with official Changi/S24 observed humidity-weather aggregation."
Singapore,2021,singapore_disposed_waste_proxy,MSS/NEA Changi daily weather + data.gov.sg S24 Upper Changi humidity,21.264,22.418,29.634,52.052,2.437,5.837,1.764,2809.6,141,78.365,27.911,19.31,64.45,39.62,Low,75,11.495,9.835,14.854,,,11.495,Wang2021_Eq14_composition_model,composition-model,Favorable,Lower relative risk: maintain verification and routine quality control,"Singapore composition replaced with disposed waste proxy, closer to incineration feedstock than generated totals. Singapore weather replaced with official Changi/S24 observed humidity-weather aggregation."
Singapore,2022,singapore_disposed_waste_proxy,MSS/NEA Changi daily weather + data.gov.sg S24 Upper Changi humidity,20.863,20.988,29.528,50.516,3.785,7.789,1.001,2207.8,173,78.529,27.867,18.62,57.94,36.32,Low,75,11.37,10.016,14.94,,,11.37,Wang2021_Eq14_composition_model,composition-model,Favorable,Lower relative risk: maintain verification and routine quality control,"Singapore composition replaced with disposed waste proxy, closer to incineration feedstock than generated totals. Singapore weather replaced with official Changi/S24 observed humidity-weather aggregation."
Singapore,2023,singapore_disposed_waste_proxy,MSS/NEA Changi daily weather + data.gov.sg S24 Upper Changi humidity,18.845,26.104,27.495,53.599,4.507,6.231,1.149,2411.2,138,77.189,28.165,15.16,54.61,32.91,Low,75,11.662,10.037,14.281,,,11.662,Wang2021_Eq14_composition_model,composition-model,Favorable,Lower relative risk: maintain verification and routine quality control,"Singapore composition replaced with disposed waste proxy, closer to incineration feedstock than generated totals. Singapore weather replaced with official Changi/S24 observed humidity-weather aggregation."
Singapore,2024,singapore_disposed_waste_proxy,MSS/NEA Changi daily weather + data.gov.sg S24 Upper Changi humidity,19.388,26.14,26.261,52.401,4.802,5.972,1.2,2432,144,77.863,28.442,16.09,56.81,34.42,Low,75,11.58,9.775,13.995,,,11.58,Wang2021_Eq14_composition_model,composition-model,Favorable,Lower relative risk: maintain verification and routine quality control,"Singapore composition replaced with disposed waste proxy, closer to incineration feedstock than generated totals. Singapore weather replaced with official Changi/S24 observed humidity-weather aggregation."
South Korea,2017,country_year_panel,NASA POWER Daily API aggregated annual,32.706,,,25,,,,1128.17,95,73.254,11.474,58.92,18.03,40.52,Low,75,,,,9.699,10.947,10.323,Korea_Kwon2017_Bae2024_facility_literature_benchmark,facility-literature-benchmark,Korea literature benchmark,Lower relative risk: maintain verification and routine quality control,South Korea food share filled from available 2022 proxy for non-2022 years. Paper/plastic combustible share missing; neutral 25% placeholder used for risk scoring only.
South Korea,2018,country_year_panel,NASA POWER Daily API aggregated annual,32.706,,,25,,,,1166.65,100,74.675,11.384,58.92,20.45,41.61,Low,75,,,,9.699,10.947,10.323,Korea_Kwon2017_Bae2024_facility_literature_benchmark,facility-literature-benchmark,Korea literature benchmark,Lower relative risk: maintain verification and routine quality control,South Korea food share filled from available 2022 proxy for non-2022 years. Paper/plastic combustible share missing; neutral 25% placeholder used for risk scoring only.
South Korea,2019,country_year_panel,NASA POWER Daily API aggregated annual,32.706,,,25,,,,858.33,100,73.158,12.241,58.92,15.35,39.32,Low,75,,,,9.699,10.947,10.323,Korea_Kwon2017_Bae2024_facility_literature_benchmark,facility-literature-benchmark,Korea literature benchmark,Lower relative risk: maintain verification and routine quality control,South Korea food share filled from available 2022 proxy for non-2022 years. Paper/plastic combustible share missing; neutral 25% placeholder used for risk scoring only.
South Korea,2020,country_year_panel,NASA POWER Daily API aggregated annual,32.706,,,25,,,,1658.35,108,77.433,11.892,58.92,34.84,48.09,Medium,75,,,,9.699,10.947,10.323,Korea_Kwon2017_Bae2024_facility_literature_benchmark,facility-literature-benchmark,Korea literature benchmark,"Moderate priority: monitoring, covered storage, seasonal controls",South Korea food share filled from available 2022 proxy for non-2022 years. Paper/plastic combustible share missing; neutral 25% placeholder used for risk scoring only.
South Korea,2021,country_year_panel,NASA POWER Daily API aggregated annual,32.706,,,25,,,,1360.89,129,78.214,12.286,58.92,33.3,47.39,Medium,75,,,,9.699,10.947,10.323,Korea_Kwon2017_Bae2024_facility_literature_benchmark,facility-literature-benchmark,Korea literature benchmark,"Moderate priority: monitoring, covered storage, seasonal controls",South Korea food share filled from available 2022 proxy for non-2022 years. Paper/plastic combustible share missing; neutral 25% placeholder used for risk scoring only.
South Korea,2022,country_year_panel,NASA POWER Daily API aggregated annual,32.706,,,25,,,,1639.11,109,77.475,11.602,58.92,34.67,48.01,Medium,87.5,,,,9.699,10.947,10.323,Korea_Kwon2017_Bae2024_facility_literature_benchmark,facility-literature-benchmark,Korea literature benchmark,"Moderate priority: monitoring, covered storage, seasonal controls",Paper/plastic combustible share missing; neutral 25% placeholder used for risk scoring only.
South Korea,2023,country_year_panel,NASA POWER Daily API aggregated annual,32.706,,,25,,,,1329.46,106,77.869,12.481,58.92,28.44,45.2,Medium,75,,,,9.699,10.947,10.323,Korea_Kwon2017_Bae2024_facility_literature_benchmark,facility-literature-benchmark,Korea literature benchmark,"Moderate priority: monitoring, covered storage, seasonal controls",South Korea food share filled from available 2022 proxy for non-2022 years. Paper/plastic combustible share missing; neutral 25% placeholder used for risk scoring only.
South Korea,2024,country_year_panel,NASA POWER Daily API aggregated annual,32.706,,,25,,,,1483.67,134,79.883,13.181,58.92,38.54,49.75,Medium,75,,,,9.699,10.947,10.323,Korea_Kwon2017_Bae2024_facility_literature_benchmark,facility-literature-benchmark,Korea literature benchmark,"Moderate priority: monitoring, covered storage, seasonal controls",South Korea food share filled from available 2022 proxy for non-2022 years. Paper/plastic combustible share missing; neutral 25% placeholder used for risk scoring only.