"country","year","province","municipality","waste_generation_tpd","food_waste_share_pct","paper_cardboard_share_pct","plastic_share_pct","known_share_pct","unknown_or_other_share_pct","estimated_lhv_low_food_unknown_zero_mj_per_kg","estimated_lhv_mixed_food_unknown_zero_mj_per_kg","estimated_lhv_mixed_food_other5_mj_per_kg","existing_feedstock_risk_score_0_100","source_note"
"Indonesia","2025","Aceh","Kabupaten Simeulue","38.85","24.8","10.1","25.7","60.6","39","12.508","13.128","15.078","46.6","Draft scenario estimate using Novita & Damanhuri 2010 component LHV; not a facility-measured LHV."
"Indonesia","2025","Aceh","Kabupaten Aceh Singkil","54.9","30","15","22","67","33","11.917","12.667","14.317","56.65","Draft scenario estimate using Novita & Damanhuri 2010 component LHV; not a facility-measured LHV."
"Indonesia","2025","Aceh","Kabupaten Aceh Selatan","96.8","30.08","13.1","16.33","59.51","40","9.399","10.152","12.152","62.05","Draft scenario estimate using Novita & Damanhuri 2010 component LHV; not a facility-measured LHV."
"Indonesia","2025","Aceh","Kabupaten Aceh Tenggara","115.64","41","9","30","80","20","14.628","15.653","16.653","56.5","Draft scenario estimate using Novita & Damanhuri 2010 component LHV; not a facility-measured LHV."
"Indonesia","2025","Aceh","Kabupaten Aceh Timur","184.56","25","9","15","49","51","8.111","8.736","11.286","61.5","Draft scenario estimate using Novita & Damanhuri 2010 component LHV; not a facility-measured LHV."
"Indonesia","2025","Aceh","Kabupaten Aceh Tengah","120.5","22","7","26","55","45","12.088","12.639","14.889","46.85","Draft scenario estimate using Novita & Damanhuri 2010 component LHV; not a facility-measured LHV."
"Indonesia","2025","Aceh","Kabupaten Aceh Barat","104.61","46.05","8.25","18.94","73.24","27","10.308","11.46","12.81","59.7","Draft scenario estimate using Novita & Damanhuri 2010 component LHV; not a facility-measured LHV."
"Indonesia","2025","Aceh","Kabupaten Aceh Besar","149.14","25.5","9.5","21.6","56.6","43","10.819","11.457","13.607","58.8","Draft scenario estimate using Novita & Damanhuri 2010 component LHV; not a facility-measured LHV."
"Indonesia","2025","Aceh","Kabupaten Pidie","181.02","7","22","43","72","28","20.439","20.614","22.014","29.1","Draft scenario estimate using Novita & Damanhuri 2010 component LHV; not a facility-measured LHV."
"Indonesia","2025","Aceh","Kabupaten Bireuen","181.3","42.7","14.2","18.9","75.8","24","11.019","12.087","13.287","57.65","Draft scenario estimate using Novita & Damanhuri 2010 component LHV; not a facility-measured LHV."
"Indonesia","2025","Aceh","Kabupaten Aceh Utara","253.45","30","10","40","80","20","18.353","19.103","20.103","48.95","Draft scenario estimate using Novita & Damanhuri 2010 component LHV; not a facility-measured LHV."
"Indonesia","2025","Aceh","Kabupaten Aceh Barat Daya","77.5","15","25","25","65","35","14","14.375","16.125","32.3","Draft scenario estimate using Novita & Damanhuri 2010 component LHV; not a facility-measured LHV."
"Indonesia","2025","Aceh","Kabupaten Gayo Lues","41.94","24","10","40","74","26","18.142","18.742","20.042","45.1","Draft scenario estimate using Novita & Damanhuri 2010 component LHV; not a facility-measured LHV."
"Indonesia","2025","Aceh","Kabupaten Aceh Tamiang","123.64","36.48","17","40","93.48","7","19.574","20.487","20.837","47.2","Draft scenario estimate using Novita & Damanhuri 2010 component LHV; not a facility-measured LHV."
"Indonesia","2025","Aceh","Kabupaten Nagan Raya","72.44","46","2","34","82","18","15.398","16.549","17.449","48.95","Draft scenario estimate using Novita & Damanhuri 2010 component LHV; not a facility-measured LHV."
"Indonesia","2025","Aceh","Kabupaten Aceh Jaya","50.91","48","10","14","72","28","8.664","9.865","11.265","79.2","Draft scenario estimate using Novita & Damanhuri 2010 component LHV; not a facility-measured LHV."
"Indonesia","2025","Aceh","Kabupaten Bener Meriah","68.81","20","20","25","65","35","13.466","13.966","15.716","30.7","Draft scenario estimate using Novita & Damanhuri 2010 component LHV; not a facility-measured LHV."
"Indonesia","2025","Aceh","Kota Banda Aceh","259.4","29.48","6.34","25.75","61.57","38","12.158","12.896","14.796","52.6","Draft scenario estimate using Novita & Damanhuri 2010 component LHV; not a facility-measured LHV."
"Indonesia","2025","Aceh","Kota Sabang","17.62","20","5","20","45","55","9.352","9.852","12.602","26.6","Draft scenario estimate using Novita & Damanhuri 2010 component LHV; not a facility-measured LHV."
"Indonesia","2025","Aceh","Kota Langsa","91.96","36.07","10.28","18.16","64.51","35","9.936","10.838","12.588","49.55","Draft scenario estimate using Novita & Damanhuri 2010 component LHV; not a facility-measured LHV."
"Indonesia","2025","Aceh","Kota Lhokseumawe","102.03","54.4","15.04","14.02","83.46","17","9.612","10.973","11.823","83.65","Draft scenario estimate using Novita & Damanhuri 2010 component LHV; not a facility-measured LHV."
"Indonesia","2025","Aceh","Kota Subulussalam","52.78","25","15","20","60","40","10.947","11.573","13.573","53.25","Draft scenario estimate using Novita & Damanhuri 2010 component LHV; not a facility-measured LHV."
"Indonesia","2025","Bali","Kabupaten Jembrana","163.93","27.37","0.84","19.04","47.25","53","8.64","9.324","11.974","55.75","Draft scenario estimate using Novita & Damanhuri 2010 component LHV; not a facility-measured LHV."
"Indonesia","2025","Bali","Kabupaten Badung","876.05","17.12","6.82","16.28","40.22","60","8.033","8.461","11.461","48.5","Draft scenario estimate using Novita & Damanhuri 2010 component LHV; not a facility-measured LHV."
"Indonesia","2025","Bali","Kabupaten Gianyar","562","16.97","8.25","18.93","44.15","56","9.282","9.707","12.507","40.4","Draft scenario estimate using Novita & Damanhuri 2010 component LHV; not a facility-measured LHV."
"Indonesia","2025","Bali","Kabupaten Klungkung","112.23","30.05","10.05","12.03","52.13","48","7.258","8.01","10.41","48.1","Draft scenario estimate using Novita & Damanhuri 2010 component LHV; not a facility-measured LHV."
"Indonesia","2025","Bali","Kabupaten Bangli","113.86","27.7","5.3","10.3","43.3","57","5.815","6.508","9.358","59.05","Draft scenario estimate using Novita & Damanhuri 2010 component LHV; not a facility-measured LHV."
"Indonesia","2025","Bali","Kabupaten Karangasem","281.22","10","11","20","41","59","9.852","10.102","13.052","37.3","Draft scenario estimate using Novita & Damanhuri 2010 component LHV; not a facility-measured LHV."
"Indonesia","2025","Bali","Kabupaten Buleleng","414.08","4","6.69","14.69","25.38","75","6.922","7.022","10.772","46.5","Draft scenario estimate using Novita & Damanhuri 2010 component LHV; not a facility-measured LHV."
"Indonesia","2025","Banten","Kabupaten Lebak","612.63","30","10","15","55","45","8.428","9.179","11.429","60.5","Draft scenario estimate using Novita & Damanhuri 2010 component LHV; not a facility-measured LHV."
"Indonesia","2025","Bengkulu","Kabupaten Bengkulu Utara","185.86","31","10","40","81","19","18.388","19.163","20.113","25.8","Draft scenario estimate using Novita & Damanhuri 2010 component LHV; not a facility-measured LHV."
"Indonesia","2025","Bengkulu","Kabupaten Seluma","107.5","80","5","2","87","13","4.315","6.316","6.966","99.8","Draft scenario estimate using Novita & Damanhuri 2010 component LHV; not a facility-measured LHV."
"Indonesia","2025","Bengkulu","Kabupaten Lebong","45.91","64.45","8.56","12.84","85.85","14","8.577","10.189","10.889","92.15","Draft scenario estimate using Novita & Damanhuri 2010 component LHV; not a facility-measured LHV."
"Indonesia","2025","DKI Jakarta","Kota Jakarta Selatan","2005.37","49.87","17.24","22.95","90.06","10","13.31","14.558","15.058","59.6","Draft scenario estimate using Novita & Damanhuri 2010 component LHV; not a facility-measured LHV."
"Indonesia","2025","DKI Jakarta","Kota Jakarta Timur","2455.12","49.87","17.24","22.95","90.06","10","13.31","14.558","15.058","61.6","Draft scenario estimate using Novita & Damanhuri 2010 component LHV; not a facility-measured LHV."
"Indonesia","2025","DKI Jakarta","Kota Jakarta Pusat","858.09","49.87","17.24","22.95","90.06","10","13.31","14.558","15.058","60.2","Draft scenario estimate using Novita & Damanhuri 2010 component LHV; not a facility-measured LHV."
"Indonesia","2025","DKI Jakarta","Kota Jakarta Barat","1943.13","49.87","17.24","22.95","90.06","10","13.31","14.558","15.058","58.1","Draft scenario estimate using Novita & Damanhuri 2010 component LHV; not a facility-measured LHV."
"Indonesia","2025","Gorontalo","Kabupaten Bone Bolango","56.86","29.22","14.31","21.22","64.75","35","11.482","12.213","13.963","43.05","Draft scenario estimate using Novita & Damanhuri 2010 component LHV; not a facility-measured LHV."
"Indonesia","2025","Jambi","Kota Sungai Penuh","51.11","41.6","18.19","17.3","77.09","23","10.912","11.952","13.102","55.6","Draft scenario estimate using Novita & Damanhuri 2010 component LHV; not a facility-measured LHV."
"Indonesia","2025","Jawa Barat","Kabupaten Cianjur","1305.16","61.05","6.94","14.39","82.38","18","8.843","10.37","11.27","90.8","Draft scenario estimate using Novita & Damanhuri 2010 component LHV; not a facility-measured LHV."
"Indonesia","2025","Jawa Barat","Kabupaten Garut","1141.12","59.3","6.3","20.5","86.1","14","11.116","12.6","13.3","83.35","Draft scenario estimate using Novita & Damanhuri 2010 component LHV; not a facility-measured LHV."
"Indonesia","2025","Jawa Barat","Kabupaten Ciamis","501.02","38","16","20","74","26","11.546","12.497","13.797","39.3","Draft scenario estimate using Novita & Damanhuri 2010 component LHV; not a facility-measured LHV."
"Indonesia","2025","Jawa Barat","Kabupaten Kuningan","485.57","40","10","16","66","34","9.177","10.177","11.877","67.95","Draft scenario estimate using Novita & Damanhuri 2010 component LHV; not a facility-measured LHV."
"Indonesia","2025","Jawa Barat","Kabupaten Cirebon","1249.95","10","10","40","60","40","17.65","17.9","19.9","29.95","Draft scenario estimate using Novita & Damanhuri 2010 component LHV; not a facility-measured LHV."
"Indonesia","2025","Jawa Barat","Kabupaten Sumedang","490.66","30","10.5","27.5","68","32","13.462","14.212","15.812","50.05","Draft scenario estimate using Novita & Damanhuri 2010 component LHV; not a facility-measured LHV."
"Indonesia","2025","Jawa Barat","Kabupaten Indramayu","1121.64","45.17","8.47","13.78","67.42","33","8.26","9.39","11.04","76.65","Draft scenario estimate using Novita & Damanhuri 2010 component LHV; not a facility-measured LHV."
"Indonesia","2025","Jawa Barat","Kabupaten Bekasi","2404.34","42.7","24.08","15.56","82.34","18","11.095","12.164","13.064","64.65","Draft scenario estimate using Novita & Damanhuri 2010 component LHV; not a facility-measured LHV."
"Indonesia","2025","Jawa Barat","Kota Bogor","755.36","40","20","15","75","25","10.199","11.2","12.45","54.5","Draft scenario estimate using Novita & Damanhuri 2010 component LHV; not a facility-measured LHV."
"Indonesia","2025","Jawa Barat","Kota Cirebon","216.35","49.22","5.56","19.01","73.79","26","10.066","11.297","12.597","77.3","Draft scenario estimate using Novita & Damanhuri 2010 component LHV; not a facility-measured LHV."
"Indonesia","2025","Jawa Barat","Kota Tasikmalaya","333.44","25.3","12.19","31.53","69.02","31","15.136","15.769","17.319","35.1","Draft scenario estimate using Novita & Damanhuri 2010 component LHV; not a facility-measured LHV."
"Indonesia","2025","Jawa Tengah","Kabupaten Wonosobo","368.2","71.3","2.5","13.1","86.9","13","8.061","9.845","10.495","75","Draft scenario estimate using Novita & Damanhuri 2010 component LHV; not a facility-measured LHV."
"Indonesia","2025","Jawa Tengah","Kabupaten Boyolali","300.8","39","11.5","17.9","68.4","32","10.109","11.084","12.684","64.95","Draft scenario estimate using Novita & Damanhuri 2010 component LHV; not a facility-measured LHV."
"Indonesia","2025","Jawa Tengah","Kabupaten Klaten","650.07","60","5","20","85","15","10.758","12.259","13.009","80.15","Draft scenario estimate using Novita & Damanhuri 2010 component LHV; not a facility-measured LHV."
"Indonesia","2025","Jawa Tengah","Kabupaten Sukoharjo","366.59","52.25","12.9","23.9","89.05","11","13.155","14.462","15.012","66.95","Draft scenario estimate using Novita & Damanhuri 2010 component LHV; not a facility-measured LHV."
"Indonesia","2025","Jawa Tengah","Kabupaten Wonogiri","421.66","53","16","11","80","20","8.5","9.826","10.826","85.7","Draft scenario estimate using Novita & Damanhuri 2010 component LHV; not a facility-measured LHV."
"Indonesia","2025","Jawa Tengah","Kabupaten Sragen","401.9","74.3","8.9","11.2","94.4","6","8.321","10.179","10.479","84.75","Draft scenario estimate using Novita & Damanhuri 2010 component LHV; not a facility-measured LHV."
"Indonesia","2025","Jawa Tengah","Kabupaten Demak","626.49","39.69","12.08","17.89","69.66","30","10.211","11.204","12.704","61.5","Draft scenario estimate using Novita & Damanhuri 2010 component LHV; not a facility-measured LHV."
"Indonesia","2025","Jawa Tengah","Kabupaten Semarang","544.36","71.56","4.25","18.52","94.33","6","10.47","12.26","12.56","83.85","Draft scenario estimate using Novita & Damanhuri 2010 component LHV; not a facility-measured LHV."
"Indonesia","2025","Jawa Tengah","Kota Magelang","85.21","41.17","15.93","23.28","80.38","20","12.95","13.979","14.979","56.7","Draft scenario estimate using Novita & Damanhuri 2010 component LHV; not a facility-measured LHV."
"Indonesia","2025","Jawa Tengah","Kota Surakarta","421.48","49.55","7.17","10.29","67.01","33","6.844","8.083","9.733","80.9","Draft scenario estimate using Novita & Damanhuri 2010 component LHV; not a facility-measured LHV."
"Indonesia","2025","Jawa Tengah","Kota Semarang","1190.46","60.8","10.2","17.2","88.2","12","10.413","11.933","12.533","79.75","Draft scenario estimate using Novita & Damanhuri 2010 component LHV; not a facility-measured LHV."
"Indonesia","2025","Jawa Timur","Kota Kediri","181.92","42.42","20.3","11.7","74.42","26","9.017","10.078","11.378","63.05","Draft scenario estimate using Novita & Damanhuri 2010 component LHV; not a facility-measured LHV."
"Indonesia","2025","Jawa Timur","Kota Probolinggo","122.2","45.55","12.78","26.3","84.63","15","13.855","14.995","15.745","56.85","Draft scenario estimate using Novita & Damanhuri 2010 component LHV; not a facility-measured LHV."
"Indonesia","2025","Jawa Timur","Kota Pasuruan","149.43","45","10.65","19.04","74.69","25","10.652","11.777","13.027","46.4","Draft scenario estimate using Novita & Damanhuri 2010 component LHV; not a facility-measured LHV."
"Indonesia","2025","Jawa Timur","Kota Mojokerto","99.25","36.07","9.88","38.8","84.75","15","18.073","18.975","19.725","45.65","Draft scenario estimate using Novita & Damanhuri 2010 component LHV; not a facility-measured LHV."
"Indonesia","2025","Jawa Timur","Kota Surabaya","1810.81","34.48","5.89","16.51","56.88","43","8.602","9.464","11.614","41.05","Draft scenario estimate using Novita & Damanhuri 2010 component LHV; not a facility-measured LHV."
"Indonesia","2025","Jawa Timur","Kota Batu","122.15","53.55","8.38","23.97","85.9","14","12.587","13.927","14.627","63.3","Draft scenario estimate using Novita & Damanhuri 2010 component LHV; not a facility-measured LHV."
"Indonesia","2025","Jawa Timur","Kabupaten Pacitan","300.25","68.2","8.2","17.2","93.6","6","10.389","12.095","12.395","80.4","Draft scenario estimate using Novita & Damanhuri 2010 component LHV; not a facility-measured LHV."
"Indonesia","2025","Jawa Timur","Kabupaten Ponorogo","391.09","20","16.53","21.89","58.42","42","11.739","12.239","14.339","37.15","Draft scenario estimate using Novita & Damanhuri 2010 component LHV; not a facility-measured LHV."
"Indonesia","2025","Jawa Timur","Kabupaten Trenggalek","301.52","45","13","21","79","21","11.763","12.889","13.939","56.9","Draft scenario estimate using Novita & Damanhuri 2010 component LHV; not a facility-measured LHV."
"Indonesia","2025","Jawa Timur","Kabupaten Blitar","417","40","12.55","15","67.55","32","9.142","10.142","11.742","74.55","Draft scenario estimate using Novita & Damanhuri 2010 component LHV; not a facility-measured LHV."
"Indonesia","2025","Jawa Timur","Kabupaten Kediri","676.79","41.04","9.61","16.72","67.37","33","9.444","10.47","12.12","57.1","Draft scenario estimate using Novita & Damanhuri 2010 component LHV; not a facility-measured LHV."
"Indonesia","2025","Jawa Timur","Kabupaten Malang","1093.96","7","9.4","12","28.4","72","6.344","6.519","10.119","36.5","Draft scenario estimate using Novita & Damanhuri 2010 component LHV; not a facility-measured LHV."
"Indonesia","2025","Jawa Timur","Kabupaten Banyuwangi","839.1","60.59","5.77","14.75","81.11","19","8.804","10.319","11.269","76.6","Draft scenario estimate using Novita & Damanhuri 2010 component LHV; not a facility-measured LHV."
"Indonesia","2025","Jawa Timur","Kabupaten Bondowoso","315.2","37.01","15.47","21.54","74.02","26","12.047","12.973","14.273","63.65","Draft scenario estimate using Novita & Damanhuri 2010 component LHV; not a facility-measured LHV."
"Indonesia","2025","Jawa Timur","Kabupaten Probolinggo","477.31","52.02","16.6","16.91","85.53","14","10.897","12.198","12.898","79.1","Draft scenario estimate using Novita & Damanhuri 2010 component LHV; not a facility-measured LHV."
"Indonesia","2025","Jawa Timur","Kabupaten Pasuruan","833.7","58.5","5.7","10","74.2","26","6.835","8.298","9.598","88.65","Draft scenario estimate using Novita & Damanhuri 2010 component LHV; not a facility-measured LHV."
"Indonesia","2025","Jawa Timur","Kabupaten Jombang","530.53","50","10","18","78","22","10.322","11.573","12.673","60.7","Draft scenario estimate using Novita & Damanhuri 2010 component LHV; not a facility-measured LHV."
"Indonesia","2025","Jawa Timur","Kabupaten Nganjuk","743.93","61.5","13.1","12.3","86.9","13","8.904","10.442","11.092","73","Draft scenario estimate using Novita & Damanhuri 2010 component LHV; not a facility-measured LHV."
"Indonesia","2025","Jawa Timur","Kabupaten Madiun","295.09","57.8","11.3","25.7","94.8","5","13.838","15.283","15.533","60.4","Draft scenario estimate using Novita & Damanhuri 2010 component LHV; not a facility-measured LHV."
"Indonesia","2025","Jawa Timur","Kabupaten Magetan","276.65","36.28","8.22","14.25","58.75","41","8.099","9.006","11.056","52.1","Draft scenario estimate using Novita & Damanhuri 2010 component LHV; not a facility-measured LHV."
"Indonesia","2025","Jawa Timur","Kabupaten Ngawi","371.87","60","11","12.5","83.5","16","8.632","10.133","10.933","83.35","Draft scenario estimate using Novita & Damanhuri 2010 component LHV; not a facility-measured LHV."
"Indonesia","2025","Jawa Timur","Kabupaten Tuban","528.51","58.52","5.78","11.02","75.32","25","7.252","8.716","9.966","75.4","Draft scenario estimate using Novita & Damanhuri 2010 component LHV; not a facility-measured LHV."
"Indonesia","2025","Jawa Timur","Kabupaten Lamongan","555.13","30","9","18","57","43","9.477","10.228","12.378","54.15","Draft scenario estimate using Novita & Damanhuri 2010 component LHV; not a facility-measured LHV."
"Indonesia","2025","Jawa Timur","Kabupaten Bangkalan","417.67","52.32","9.72","14.97","77.01","23","9.161","10.47","11.62","81.55","Draft scenario estimate using Novita & Damanhuri 2010 component LHV; not a facility-measured LHV."
"Indonesia","2025","Jawa Timur","Kabupaten Pamekasan","280.74","55","7","13","75","25","8.087","9.463","10.713","74.4","Draft scenario estimate using Novita & Damanhuri 2010 component LHV; not a facility-measured LHV."
"Indonesia","2025","Kalimantan Barat","Kabupaten Sambas","328.87","40","14.2","25","79.2","21","13.346","14.346","15.396","65.35","Draft scenario estimate using Novita & Damanhuri 2010 component LHV; not a facility-measured LHV."
"Indonesia","2025","Kalimantan Barat","Kabupaten Landak","166.01","35","20","28","83","17","15.184","16.06","16.91","55.6","Draft scenario estimate using Novita & Damanhuri 2010 component LHV; not a facility-measured LHV."
"Indonesia","2025","Kalimantan Barat","Kabupaten Mempawah","82.37","40.25","11.33","18.07","69.65","30","10.196","11.203","12.703","71.4","Draft scenario estimate using Novita & Damanhuri 2010 component LHV; not a facility-measured LHV."
"Indonesia","2025","Kalimantan Barat","Kabupaten Sanggau","253.78","56.21","4.73","7.1","68.04","32","5.465","6.871","8.471","98.4","Draft scenario estimate using Novita & Damanhuri 2010 component LHV; not a facility-measured LHV."
"Indonesia","2025","Kalimantan Barat","Kabupaten Ketapang","296.26","1.63","21.24","17.62","40.49","60","10.067","10.107","13.107","37.65","Draft scenario estimate using Novita & Damanhuri 2010 component LHV; not a facility-measured LHV."
"Indonesia","2025","Kalimantan Barat","Kabupaten Kapuas Hulu","110.44","44.77","12.8","28.62","86.19","14","14.752","15.872","16.572","66.05","Draft scenario estimate using Novita & Damanhuri 2010 component LHV; not a facility-measured LHV."
"Indonesia","2025","Kalimantan Barat","Kabupaten Kayong Utara","67.54","39.31","11.21","19.74","70.26","30","10.809","11.792","13.292","69.35","Draft scenario estimate using Novita & Damanhuri 2010 component LHV; not a facility-measured LHV."
"Indonesia","2025","Kalimantan Barat","Kota Singkawang","97.21","76","8.4","7.8","92.2","8","6.96","8.861","9.261","86","Draft scenario estimate using Novita & Damanhuri 2010 component LHV; not a facility-measured LHV."
"Indonesia","2025","Kalimantan Selatan","Kabupaten Banjar","365.43","34.76","4.84","17.15","56.75","43","8.717","9.586","11.736","54.5","Draft scenario estimate using Novita & Damanhuri 2010 component LHV; not a facility-measured LHV."
"Indonesia","2025","Kalimantan Selatan","Kabupaten Barito Kuala","100.27","42","10","21","73","27","11.232","12.283","13.633","60.05","Draft scenario estimate using Novita & Damanhuri 2010 component LHV; not a facility-measured LHV."
"Indonesia","2025","Kalimantan Selatan","Kabupaten Tapin","76.18","42.23","16.73","30.5","89.46","11","15.967","17.023","17.573","56.1","Draft scenario estimate using Novita & Damanhuri 2010 component LHV; not a facility-measured LHV."
"Indonesia","2025","Kalimantan Selatan","Kabupaten Hulu Sungai Selatan","119.21","55.18","13.13","25.35","93.66","6","13.866","15.247","15.547","61.25","Draft scenario estimate using Novita & Damanhuri 2010 component LHV; not a facility-measured LHV."
"Indonesia","2025","Kalimantan Selatan","Kabupaten Hulu Sungai Utara","119.13","49.1","8.41","13.8","71.31","29","8.398","9.626","11.076","76.9","Draft scenario estimate using Novita & Damanhuri 2010 component LHV; not a facility-measured LHV."
"Indonesia","2025","Kalimantan Selatan","Kabupaten Tabalong","138.7","52.71","11.79","25.91","90.41","10","13.812","15.13","15.63","55.9","Draft scenario estimate using Novita & Damanhuri 2010 component LHV; not a facility-measured LHV."
"Indonesia","2025","Kalimantan Selatan","Kabupaten Tanah Bumbu","175.66","64.04","3.2","12.3","79.54","20","7.588","9.19","10.19","73.95","Draft scenario estimate using Novita & Damanhuri 2010 component LHV; not a facility-measured LHV."
"Indonesia","2025","Kalimantan Selatan","Kabupaten Balangan","69.48","60.62","10.43","15.84","86.89","13","9.899","11.415","12.065","67.05","Draft scenario estimate using Novita & Damanhuri 2010 component LHV; not a facility-measured LHV."
"Indonesia","2025","Kalimantan Selatan","Kota Banjarmasin","477.39","130.98","43.2","42.69","216.87","0","27.682","30.958","30.958","69.2","Draft scenario estimate using Novita & Damanhuri 2010 component LHV; not a facility-measured LHV."
"Indonesia","2025","Kalimantan Tengah","Kabupaten Kotawaringin Barat","141.4","51","13","10","74","26","7.607","8.883","10.183","65.15","Draft scenario estimate using Novita & Damanhuri 2010 component LHV; not a facility-measured LHV."
"Indonesia","2025","Kalimantan Tengah","Kabupaten Kotawaringin Timur","245.44","53","15","15","83","17","9.946","11.272","12.122","83.35","Draft scenario estimate using Novita & Damanhuri 2010 component LHV; not a facility-measured LHV."
"Indonesia","2025","Kalimantan Tengah","Kabupaten Kapuas","215.09","30.38","13.06","20.79","64.23","36","11.175","11.934","13.734","58.05","Draft scenario estimate using Novita & Damanhuri 2010 component LHV; not a facility-measured LHV."
"Indonesia","2025","Kalimantan Tengah","Kabupaten Barito Selatan","68.43","49","8","30","87","13","14.767","15.993","16.643","72.35","Draft scenario estimate using Novita & Damanhuri 2010 component LHV; not a facility-measured LHV."
"Indonesia","2025","Kalimantan Tengah","Kabupaten Katingan","67.73","56.98","13.17","14.34","84.49","16","9.565","10.99","11.79","87.45","Draft scenario estimate using Novita & Damanhuri 2010 component LHV; not a facility-measured LHV."
"Indonesia","2025","Kalimantan Tengah","Kabupaten Pulang Pisau","72.28","23.51","13.31","25.13","61.95","38","12.691","13.28","15.18","51.55","Draft scenario estimate using Novita & Damanhuri 2010 component LHV; not a facility-measured LHV."
"Indonesia","2025","Kalimantan Tengah","Kabupaten Barito Timur","73.07","32","7","37","76","24","16.806","17.607","18.807","52.85","Draft scenario estimate using Novita & Damanhuri 2010 component LHV; not a facility-measured LHV."
"Indonesia","2025","Kalimantan Tengah","Kabupaten Murung Raya","62.15","40","5","31","76","24","14.422","15.422","16.622","61.95","Draft scenario estimate using Novita & Damanhuri 2010 component LHV; not a facility-measured LHV."
"Indonesia","2025","Kalimantan Timur","Kabupaten Paser","128.23","45.9","8.28","17.02","71.2","29","9.545","10.693","12.143","57.95","Draft scenario estimate using Novita & Damanhuri 2010 component LHV; not a facility-measured LHV."
"Indonesia","2025","Kalimantan Timur","Kabupaten Kutai Barat","93.29","39.26","11.14","19.69","70.09","30","10.777","11.76","13.26","68.65","Draft scenario estimate using Novita & Damanhuri 2010 component LHV; not a facility-measured LHV."
"Indonesia","2025","Kalimantan Timur","Kabupaten Kutai Kartanegara","372.77","34.58","13.89","16.81","65.28","35","9.86","10.725","12.475","60.05","Draft scenario estimate using Novita & Damanhuri 2010 component LHV; not a facility-measured LHV."
"Indonesia","2025","Kalimantan Timur","Kabupaten Kutai Timur","224.43","41.05","11.15","21.06","73.26","27","11.386","12.412","13.762","67.75","Draft scenario estimate using Novita & Damanhuri 2010 component LHV; not a facility-measured LHV."
"Indonesia","2025","Kalimantan Timur","Kabupaten Berau","149.5","55.39","3.74","26.47","85.6","14","12.986","14.371","15.071","77.8","Draft scenario estimate using Novita & Damanhuri 2010 component LHV; not a facility-measured LHV."
"Indonesia","2025","Kalimantan Timur","Kabupaten Penajam Paser Utara","101.03","46.13","20.87","29.83","96.83","3","16.425","17.579","17.729","42.5","Draft scenario estimate using Novita & Damanhuri 2010 component LHV; not a facility-measured LHV."
"Indonesia","2025","Kalimantan Timur","Kota Balikpapan","540.69","42.3","10.26","7.2","59.76","40","5.801","6.859","8.859","52.15","Draft scenario estimate using Novita & Damanhuri 2010 component LHV; not a facility-measured LHV."
"Indonesia","2025","Kalimantan Timur","Kota Samarinda","607.95","52.88","11.41","12.94","77.23","23","8.615","9.938","11.088","80.35","Draft scenario estimate using Novita & Damanhuri 2010 component LHV; not a facility-measured LHV."
"Indonesia","2025","Kalimantan Timur","Kota Bontang","107.41","44.12","27.5","18","89.62","10","12.599","13.703","14.203","30.75","Draft scenario estimate using Novita & Damanhuri 2010 component LHV; not a facility-measured LHV."
"Indonesia","2025","Kalimantan Utara","Kabupaten Nunukan","45.76","52.38","11.81","12.57","76.76","23","8.507","9.817","10.967","76.55","Draft scenario estimate using Novita & Damanhuri 2010 component LHV; not a facility-measured LHV."
"Indonesia","2025","Kepulauan Bangka Belitung","Kabupaten Bangka Barat","85.27","41","19","15.4","75.4","25","10.251","11.277","12.527","68.6","Draft scenario estimate using Novita & Damanhuri 2010 component LHV; not a facility-measured LHV."
"Indonesia","2025","Kepulauan Bangka Belitung","Kabupaten Belitung Timur","52.85","57","5","17","79","21","9.462","10.887","11.937","88.5","Draft scenario estimate using Novita & Damanhuri 2010 component LHV; not a facility-measured LHV."
"Indonesia","2025","Kepulauan Riau","Kabupaten Bintan","59.53","45.88","9.45","15.35","70.68","29","9.047","10.195","11.645","54.7","Draft scenario estimate using Novita & Damanhuri 2010 component LHV; not a facility-measured LHV."
"Indonesia","2025","Kepulauan Riau","Kabupaten Lingga","50.96","34.3","15","20","69.3","31","11.274","12.132","13.682","50.1","Draft scenario estimate using Novita & Damanhuri 2010 component LHV; not a facility-measured LHV."
"Indonesia","2025","Kepulauan Riau","Kota Tanjung Pinang","155.97","59.05","9.72","28.11","96.88","3","14.614","16.091","16.241","64.85","Draft scenario estimate using Novita & Damanhuri 2010 component LHV; not a facility-measured LHV."
"Indonesia","2025","Lampung","Kabupaten Tanggamus","373.71","31","13","21","65","35","11.271","12.047","13.797","58.85","Draft scenario estimate using Novita & Damanhuri 2010 component LHV; not a facility-measured LHV."
"Indonesia","2025","Lampung","Kabupaten Lampung Selatan","787.28","65","11","14","90","10","9.403","11.029","11.529","59.9","Draft scenario estimate using Novita & Damanhuri 2010 component LHV; not a facility-measured LHV."
"Indonesia","2025","Lampung","Kabupaten Tulang Bawang","180.12","70","5","6","81","19","5.552","7.303","8.253","96.5","Draft scenario estimate using Novita & Damanhuri 2010 component LHV; not a facility-measured LHV."
"Indonesia","2025","Lampung","Kabupaten Pringsewu","174.89","50","5","20","75","25","10.407","11.657","12.907","82.05","Draft scenario estimate using Novita & Damanhuri 2010 component LHV; not a facility-measured LHV."
"Indonesia","2025","Lampung","Kabupaten Mesuji","97.58","40","20","20","80","20","12.184","13.185","14.185","65.4","Draft scenario estimate using Novita & Damanhuri 2010 component LHV; not a facility-measured LHV."
"Indonesia","2025","Lampung","Kabupaten Pesisir Barat","69.45","42.5","9.5","21.1","73.1","27","11.218","12.281","13.631","74.9","Draft scenario estimate using Novita & Damanhuri 2010 component LHV; not a facility-measured LHV."
"Indonesia","2025","Lampung","Kota Bandar Lampung","700.48","15.8","3","2.6","21.4","79","2.013","2.408","6.358","53.45","Draft scenario estimate using Novita & Damanhuri 2010 component LHV; not a facility-measured LHV."
"Indonesia","2025","Maluku","Kabupaten Buru","70.7","30","10","41","81","19","18.75","19.5","20.45","48.1","Draft scenario estimate using Novita & Damanhuri 2010 component LHV; not a facility-measured LHV."
"Indonesia","2025","Maluku","Kabupaten Maluku Barat Daya","38.3","13.49","15.68","20.11","49.28","51","10.683","11.02","13.57","45.95","Draft scenario estimate using Novita & Damanhuri 2010 component LHV; not a facility-measured LHV."
"Indonesia","2025","Maluku","Kota Ambon","247.84","40","12","20","72","28","11.049","12.049","13.449","63.25","Draft scenario estimate using Novita & Damanhuri 2010 component LHV; not a facility-measured LHV."
"Indonesia","2025","Maluku Utara","Kabupaten Halmahera Utara","103.12","46.62","16.11","14.43","77.16","23","9.653","10.82","11.97","71.4","Draft scenario estimate using Novita & Damanhuri 2010 component LHV; not a facility-measured LHV."
"Indonesia","2025","Maluku Utara","Kabupaten Halmahera Timur","50.24","43.57","7.57","13.03","64.17","36","7.778","8.868","10.668","82.1","Draft scenario estimate using Novita & Damanhuri 2010 component LHV; not a facility-measured LHV."
"Indonesia","2025","Maluku Utara","Kabupaten Pulau Morotai","33.17","37","6","10","53","47","6.122","7.047","9.397","78.3","Draft scenario estimate using Novita & Damanhuri 2010 component LHV; not a facility-measured LHV."
"Indonesia","2025","Nusa Tenggara Barat","Kabupaten Lombok Barat","305.1","25.5","11.5","14.5","51.5","48","8.285","8.922","11.322","54.2","Draft scenario estimate using Novita & Damanhuri 2010 component LHV; not a facility-measured LHV."
"Indonesia","2025","Nusa Tenggara Barat","Kabupaten Sumbawa Barat","64.13","14","10","40","64","36","17.791","18.141","19.941","28.5","Draft scenario estimate using Novita & Damanhuri 2010 component LHV; not a facility-measured LHV."
"Indonesia","2025","Nusa Tenggara Timur","Kabupaten Sumba Barat","77.51","10.09","20.15","30.73","60.97","39","15.414","15.666","17.616","26.8","Draft scenario estimate using Novita & Damanhuri 2010 component LHV; not a facility-measured LHV."
"Indonesia","2025","Nusa Tenggara Timur","Kabupaten Sumba Timur","110.92","19","32","27","78","22","15.928","16.403","17.503","34","Draft scenario estimate using Novita & Damanhuri 2010 component LHV; not a facility-measured LHV."
"Indonesia","2025","Nusa Tenggara Timur","Kabupaten Kupang","156.08","44","6","12","62","38","7.162","8.262","10.162","69.7","Draft scenario estimate using Novita & Damanhuri 2010 component LHV; not a facility-measured LHV."
"Indonesia","2025","Nusa Tenggara Timur","Kabupaten Timor Tengah Utara","106.37","41","12.2","17","70.2","30","9.921","10.947","12.447","58.7","Draft scenario estimate using Novita & Damanhuri 2010 component LHV; not a facility-measured LHV."
"Indonesia","2025","Nusa Tenggara Timur","Kabupaten Belu","93.49","18.75","10.74","21.09","50.58","49","10.556","11.025","13.475","37.3","Draft scenario estimate using Novita & Damanhuri 2010 component LHV; not a facility-measured LHV."
"Indonesia","2025","Nusa Tenggara Timur","Kabupaten Alor","93.37","11","22","32","65","35","16.212","16.488","18.238","25.85","Draft scenario estimate using Novita & Damanhuri 2010 component LHV; not a facility-measured LHV."
"Indonesia","2025","Nusa Tenggara Timur","Kabupaten Lembata","60.63","38","10","20","68","32","10.694","11.645","13.245","58.3","Draft scenario estimate using Novita & Damanhuri 2010 component LHV; not a facility-measured LHV."
"Indonesia","2025","Nusa Tenggara Timur","Kabupaten Flores Timur","117.01","26.43","5.58","23.6","55.61","44","11.09","11.751","13.951","48.6","Draft scenario estimate using Novita & Damanhuri 2010 component LHV; not a facility-measured LHV."
"Indonesia","2025","Nusa Tenggara Timur","Kabupaten Sikka","139.41","40","5","20","65","35","10.055","11.056","12.806","69.2","Draft scenario estimate using Novita & Damanhuri 2010 component LHV; not a facility-measured LHV."
"Indonesia","2025","Nusa Tenggara Timur","Kabupaten Ende","113.52","32","10","14","56","44","8.102","8.902","11.102","53.65","Draft scenario estimate using Novita & Damanhuri 2010 component LHV; not a facility-measured LHV."
"Indonesia","2025","Nusa Tenggara Timur","Kabupaten Ngada","69.64","10","20","25","55","45","13.115","13.365","15.615","11.2","Draft scenario estimate using Novita & Damanhuri 2010 component LHV; not a facility-measured LHV."
"Indonesia","2025","Nusa Tenggara Timur","Kabupaten Manggarai","136.06","25.5","11.4","33.1","70","30","15.654","16.292","17.792","37.45","Draft scenario estimate using Novita & Damanhuri 2010 component LHV; not a facility-measured LHV."
"Indonesia","2025","Nusa Tenggara Timur","Kabupaten Manggarai Barat","117.85","35","10","29","74","26","14.162","15.037","16.337","46","Draft scenario estimate using Novita & Damanhuri 2010 component LHV; not a facility-measured LHV."
"Indonesia","2025","Nusa Tenggara Timur","Kabupaten Sumba Tengah","36.94","33","11","19","63","37","10.264","11.089","12.939","54.25","Draft scenario estimate using Novita & Damanhuri 2010 component LHV; not a facility-measured LHV."
"Indonesia","2025","Nusa Tenggara Timur","Kabupaten Sumba Barat Daya","128.83","25","5","20","50","50","9.528","10.153","12.653","51.95","Draft scenario estimate using Novita & Damanhuri 2010 component LHV; not a facility-measured LHV."
"Indonesia","2025","Nusa Tenggara Timur","Kabupaten Nagekeo","66.09","42","5","15","62","38","8.141","9.191","11.091","63.5","Draft scenario estimate using Novita & Damanhuri 2010 component LHV; not a facility-measured LHV."
"Indonesia","2025","Nusa Tenggara Timur","Kabupaten Manggarai Timur","117.58","35","15","15","65","35","9.314","10.189","11.939","48.9","Draft scenario estimate using Novita & Damanhuri 2010 component LHV; not a facility-measured LHV."
"Indonesia","2025","Nusa Tenggara Timur","Kabupaten Sabu Raijua","28.44","14","22","25","61","39","13.539","13.889","15.839","31.25","Draft scenario estimate using Novita & Damanhuri 2010 component LHV; not a facility-measured LHV."
"Indonesia","2025","Nusa Tenggara Timur","Kabupaten Malaka","77.4","31","10.19","12.95","54.14","46","7.677","8.452","10.752","60.05","Draft scenario estimate using Novita & Damanhuri 2010 component LHV; not a facility-measured LHV."
"Indonesia","2025","Nusa Tenggara Timur","Kota Kupang","237.4","29","13","19.5","61.5","38","10.605","11.331","13.231","51.05","Draft scenario estimate using Novita & Damanhuri 2010 component LHV; not a facility-measured LHV."
"Indonesia","2025","Papua","Kabupaten Keerom","29.73","10","15","30","55","45","14.39","14.64","16.89","34.6","Draft scenario estimate using Novita & Damanhuri 2010 component LHV; not a facility-measured LHV."
"Indonesia","2025","Papua","Kota Jayapura","202.4","54","5.8","15.79","75.59","24","8.989","10.34","11.54","93.7","Draft scenario estimate using Novita & Damanhuri 2010 component LHV; not a facility-measured LHV."
"Indonesia","2025","Papua Barat","Kabupaten Manokwari","104.01","44","11","26","81","19","13.429","14.53","15.48","72.15","Draft scenario estimate using Novita & Damanhuri 2010 component LHV; not a facility-measured LHV."
"Indonesia","2025","Papua Barat","Kabupaten Teluk Bintuni","36.43","52.7","2.6","44.3","99.6","0","19.807","21.126","21.126","73","Draft scenario estimate using Novita & Damanhuri 2010 component LHV; not a facility-measured LHV."
"Indonesia","2025","Papua Barat Daya","Kabupaten Sorong","51.87","51.3","16.06","16.37","83.73","16","10.581","11.864","12.664","74.45","Draft scenario estimate using Novita & Damanhuri 2010 component LHV; not a facility-measured LHV."
"Indonesia","2025","Papua Selatan","Kabupaten Boven Digoel","28.8","5","2","70","77","23","28.248","28.373","29.523","32.2","Draft scenario estimate using Novita & Damanhuri 2010 component LHV; not a facility-measured LHV."
"Indonesia","2025","Papua Selatan","Kabupaten Asmat","58.1","23","15","30","68","32","14.847","15.422","17.022","46.6","Draft scenario estimate using Novita & Damanhuri 2010 component LHV; not a facility-measured LHV."
"Indonesia","2025","Riau","Kabupaten Siak","198.3","39","10","26","75","25","13.112","14.087","15.337","61.95","Draft scenario estimate using Novita & Damanhuri 2010 component LHV; not a facility-measured LHV."
"Indonesia","2025","Riau","Kota Pekanbaru","1050.84","56.35","2.78","14.19","73.32","27","8.008","9.418","10.768","82.95","Draft scenario estimate using Novita & Damanhuri 2010 component LHV; not a facility-measured LHV."
"Indonesia","2025","Riau","Kota Dumai","177.76","48.97","5.3","8.95","63.22","37","6.026","7.251","9.101","80.15","Draft scenario estimate using Novita & Damanhuri 2010 component LHV; not a facility-measured LHV."
"Indonesia","2025","Sulawesi Barat","Kabupaten Pasangkayu","81.69","57.2","7.5","16.3","81","19","9.546","10.976","11.926","85.4","Draft scenario estimate using Novita & Damanhuri 2010 component LHV; not a facility-measured LHV."
"Indonesia","2025","Sulawesi Selatan","Kabupaten Bulukumba","192.27","28.5","9.25","15.18","52.93","47","8.341","9.054","11.404","60.95","Draft scenario estimate using Novita & Damanhuri 2010 component LHV; not a facility-measured LHV."
"Indonesia","2025","Sulawesi Selatan","Kabupaten Bantaeng","108.63","30.13","10","14","54.13","46","8.036","8.79","11.09","50.9","Draft scenario estimate using Novita & Damanhuri 2010 component LHV; not a facility-measured LHV."
"Indonesia","2025","Sulawesi Selatan","Kabupaten Bone","413.69","39.5","11.7","19.1","70.3","30","10.631","11.619","13.119","47.6","Draft scenario estimate using Novita & Damanhuri 2010 component LHV; not a facility-measured LHV."
"Indonesia","2025","Sulawesi Selatan","Kabupaten Luwu","192.14","40","25","15","80","20","10.909","11.909","12.909","61.05","Draft scenario estimate using Novita & Damanhuri 2010 component LHV; not a facility-measured LHV."
"Indonesia","2025","Sulawesi Selatan","Kabupaten Tana Toraja","129.47","42","11","30","83","17","14.947","15.997","16.847","42.15","Draft scenario estimate using Novita & Damanhuri 2010 component LHV; not a facility-measured LHV."
"Indonesia","2025","Sulawesi Selatan","Kabupaten Luwu Utara","166.56","55","10","10","75","25","7.322","8.698","9.948","93.8","Draft scenario estimate using Novita & Damanhuri 2010 component LHV; not a facility-measured LHV."
"Indonesia","2025","Sulawesi Selatan","Kabupaten Luwu Timur","161.71","40","25","15","80","20","10.909","11.909","12.909","38.4","Draft scenario estimate using Novita & Damanhuri 2010 component LHV; not a facility-measured LHV."
"Indonesia","2025","Sulawesi Tengah","Kabupaten Banggai Kepulauan","60.84","15","13","15","43","57","8.327","8.702","11.552","50.85","Draft scenario estimate using Novita & Damanhuri 2010 component LHV; not a facility-measured LHV."
"Indonesia","2025","Sulawesi Tengah","Kabupaten Morowali","86.65","17.3","9.5","37.99","64.79","35","17.038","17.47","19.22","9.9","Draft scenario estimate using Novita & Damanhuri 2010 component LHV; not a facility-measured LHV."
"Indonesia","2025","Sulawesi Tengah","Kota Palu","218.43","70.96","9.44","10.43","90.83","9","7.974","9.749","10.199","62.05","Draft scenario estimate using Novita & Damanhuri 2010 component LHV; not a facility-measured LHV."
"Indonesia","2025","Sulawesi Tenggara","Kabupaten Buton","61.01","50","5","10","65","35","6.437","7.687","9.437","93.1","Draft scenario estimate using Novita & Damanhuri 2010 component LHV; not a facility-measured LHV."
"Indonesia","2025","Sulawesi Tenggara","Kabupaten Konawe","133.15","25","10","30","65","35","14.207","14.833","16.583","46.25","Draft scenario estimate using Novita & Damanhuri 2010 component LHV; not a facility-measured LHV."
"Indonesia","2025","Sulawesi Tenggara","Kabupaten Kolaka","126","65","10","10","85","15","7.674","9.3","10.05","73","Draft scenario estimate using Novita & Damanhuri 2010 component LHV; not a facility-measured LHV."
"Indonesia","2025","Sulawesi Tenggara","Kabupaten Konawe Utara","38.7","41","11","17","69","31","9.751","10.776","12.326","75.65","Draft scenario estimate using Novita & Damanhuri 2010 component LHV; not a facility-measured LHV."
"Indonesia","2025","Sulawesi Tenggara","Kota Kendari","188.64","52.19","9.36","12.16","73.71","26","7.99","9.295","10.595","68.95","Draft scenario estimate using Novita & Damanhuri 2010 component LHV; not a facility-measured LHV."
"Indonesia","2025","Sulawesi Utara","Kabupaten Bolaang Mongondow","128.69","49","9.45","15.6","74.05","26","9.256","10.482","11.782","85.85","Draft scenario estimate using Novita & Damanhuri 2010 component LHV; not a facility-measured LHV."
"Indonesia","2025","Sulawesi Utara","Kabupaten Kepulauan Sangihe","56.25","43.61","5.76","21.63","71","29","10.937","12.028","13.478","63.65","Draft scenario estimate using Novita & Damanhuri 2010 component LHV; not a facility-measured LHV."
"Indonesia","2025","Sulawesi Utara","Kabupaten Kepulauan Talaud","40.3","50.2","7","16","73.2","27","9.11","10.365","11.715","88.25","Draft scenario estimate using Novita & Damanhuri 2010 component LHV; not a facility-measured LHV."
"Indonesia","2025","Sulawesi Utara","Kabupaten Minahasa Selatan","97.72","20","12","36","68","32","16.697","17.198","18.798","39.65","Draft scenario estimate using Novita & Damanhuri 2010 component LHV; not a facility-measured LHV."
"Indonesia","2025","Sulawesi Utara","Kabupaten Minahasa Utara","120.48","35.9","7.88","18.77","62.55","37","9.831","10.729","12.579","68.5","Draft scenario estimate using Novita & Damanhuri 2010 component LHV; not a facility-measured LHV."
"Indonesia","2025","Sulawesi Utara","Kabupaten Bolaang Mongondow Utara","34.44","30","10","25","65","35","12.398","13.149","14.899","57.25","Draft scenario estimate using Novita & Damanhuri 2010 component LHV; not a facility-measured LHV."
"Indonesia","2025","Sulawesi Utara","Kabupaten Minahasa Tenggara","47.72","35.01","15.27","3.36","53.64","46","4.732","5.607","7.907","58.75","Draft scenario estimate using Novita & Damanhuri 2010 component LHV; not a facility-measured LHV."
"Indonesia","2025","Sulawesi Utara","Kabupaten Bolaang Mongondow Selatan","30.15","32","13","19","64","36","10.512","11.313","13.113","61.85","Draft scenario estimate using Novita & Damanhuri 2010 component LHV; not a facility-measured LHV."
"Indonesia","2025","Sulawesi Utara","Kabupaten Bolaang Mongondow Timur","128.69","50.16","8.75","13.98","72.89","27","8.555","9.809","11.159","89.1","Draft scenario estimate using Novita & Damanhuri 2010 component LHV; not a facility-measured LHV."
"Indonesia","2025","Sulawesi Utara","Kota Manado","296.05","51","13","16","80","20","9.989","11.265","12.265","74.6","Draft scenario estimate using Novita & Damanhuri 2010 component LHV; not a facility-measured LHV."
"Indonesia","2025","Sulawesi Utara","Kota Bitung","128.83","50.2","16.03","15.07","81.3","19","10.022","11.278","12.228","70.85","Draft scenario estimate using Novita & Damanhuri 2010 component LHV; not a facility-measured LHV."
"Indonesia","2025","Sulawesi Utara","Kota Tomohon","52.41","60","6","27","93","7","13.679","15.18","15.53","55.6","Draft scenario estimate using Novita & Damanhuri 2010 component LHV; not a facility-measured LHV."
"Indonesia","2025","Sulawesi Utara","Kota Kotamobagu","65.21","53.5","11.8","8.5","73.8","26","6.929","8.268","9.568","83.75","Draft scenario estimate using Novita & Damanhuri 2010 component LHV; not a facility-measured LHV."
"Indonesia","2025","Sumatera Barat","Kabupaten Pesisir Selatan","161.71","20.4","23","19","62.4","38","11.524","12.034","13.934","36.9","Draft scenario estimate using Novita & Damanhuri 2010 component LHV; not a facility-measured LHV."
"Indonesia","2025","Sumatera Barat","Kabupaten Solok","164.17","35.5","13.5","23","72","28","12.294","13.182","14.582","55.35","Draft scenario estimate using Novita & Damanhuri 2010 component LHV; not a facility-measured LHV."
"Indonesia","2025","Sumatera Barat","Kabupaten Padang Pariaman","247.95","31.82","12.78","43.77","88.37","12","20.308","21.104","21.704","49.6","Draft scenario estimate using Novita & Damanhuri 2010 component LHV; not a facility-measured LHV."
"Indonesia","2025","Sumatera Barat","Kabupaten Agam","232.44","70.44","6.08","8.15","84.67","15","6.574","8.336","9.086","88.1","Draft scenario estimate using Novita & Damanhuri 2010 component LHV; not a facility-measured LHV."
"Indonesia","2025","Sumatera Barat","Kabupaten Solok Selatan","67.04","34.35","16.35","25.69","76.39","24","13.726","14.585","15.785","47.2","Draft scenario estimate using Novita & Damanhuri 2010 component LHV; not a facility-measured LHV."
"Indonesia","2025","Sumatera Barat","Kabupaten Dharmasraya","122.02","38","5","45","88","12","19.909","20.86","21.46","50.1","Draft scenario estimate using Novita & Damanhuri 2010 component LHV; not a facility-measured LHV."
"Indonesia","2025","Sumatera Barat","Kota Padang","668.98","63","6","15.2","84.2","16","9.1","10.676","11.476","60.1","Draft scenario estimate using Novita & Damanhuri 2010 component LHV; not a facility-measured LHV."
"Indonesia","2025","Sumatera Barat","Kota Solok","58.73","45.73","16.88","20.72","83.33","17","12.228","13.372","14.222","43.45","Draft scenario estimate using Novita & Damanhuri 2010 component LHV; not a facility-measured LHV."
"Indonesia","2025","Sumatera Barat","Kota Bukittinggi","136.13","49.71","5.51","21.96","77.18","23","11.247","12.49","13.64","73.2","Draft scenario estimate using Novita & Damanhuri 2010 component LHV; not a facility-measured LHV."
"Indonesia","2025","Sumatera Barat","Kota Payakumbuh","98.31","48.25","15.45","17.47","81.17","19","10.824","12.031","12.981","63.85","Draft scenario estimate using Novita & Damanhuri 2010 component LHV; not a facility-measured LHV."
"Indonesia","2025","Sumatera Selatan","Kabupaten Ogan Komering Ulu","156.02","35","10","15","60","40","8.604","9.48","11.48","70.45","Draft scenario estimate using Novita & Damanhuri 2010 component LHV; not a facility-measured LHV."
"Indonesia","2025","Sumatera Selatan","Kabupaten Muara Enim","237.58","61.02","7.38","17.18","85.58","14","10.012","11.539","12.239","73.8","Draft scenario estimate using Novita & Damanhuri 2010 component LHV; not a facility-measured LHV."
"Indonesia","2025","Sumatera Selatan","Kabupaten Musi Banyuasin","270.32","10","10","10","30","70","5.741","5.991","9.491","42.1","Draft scenario estimate using Novita & Damanhuri 2010 component LHV; not a facility-measured LHV."
"Indonesia","2025","Sumatera Selatan","Kabupaten Ogan Komering Ulu Selatan","169.03","48","16","11","75","25","8.325","9.525","10.775","64.35","Draft scenario estimate using Novita & Damanhuri 2010 component LHV; not a facility-measured LHV."
"Indonesia","2025","Sumatera Selatan","Kota Prabumulih","101.66","42.88","9.02","39.72","91.62","8","18.555","19.628","20.028","49.3","Draft scenario estimate using Novita & Damanhuri 2010 component LHV; not a facility-measured LHV."
"Indonesia","2025","Sumatera Selatan","Kota Pagar Alam","78.13","34.1","7.2","32.3","73.6","26","15.043","15.896","17.196","39.05","Draft scenario estimate using Novita & Damanhuri 2010 component LHV; not a facility-measured LHV."
"Indonesia","2025","Sumatera Utara","Kabupaten Nias","59.39","39.69","12.08","17.89","69.66","30","10.211","11.204","12.704","71.45","Draft scenario estimate using Novita & Damanhuri 2010 component LHV; not a facility-measured LHV."
"Indonesia","2025","Sumatera Utara","Kabupaten Simalungun","517.96","5.5","15.44","20.46","41.4","59","10.507","10.644","13.594","41.8","Draft scenario estimate using Novita & Damanhuri 2010 component LHV; not a facility-measured LHV."
"Indonesia","2025","Sumatera Utara","Kabupaten Humbang Hasundutan","103.54","19","10","13","42","58","7.248","7.723","10.623","47.95","Draft scenario estimate using Novita & Damanhuri 2010 component LHV; not a facility-measured LHV."
"Indonesia","2025","Sumatera Utara","Kabupaten Pakpak Bharat","22.69","39.9","12.1","26","78","22","13.441","14.439","15.539","59.15","Draft scenario estimate using Novita & Damanhuri 2010 component LHV; not a facility-measured LHV."
"Indonesia","2025","Sumatera Utara","Kota Tanjung Balai","94.03","64.02","9.5","13.98","87.5","12","9.148","10.75","11.35","85.4","Draft scenario estimate using Novita & Damanhuri 2010 component LHV; not a facility-measured LHV."
