"country","station","station_code","year","month","date_month","days_weather","days_humidity","precipitation_mm_total","precipitation_days_1mm","precipitation_days_10mm","temp_mean_c","relative_humidity_mean_pct","mean_daily_min_humidity_pct","mean_daily_max_humidity_pct","humidity_observations","wind_mean_kmh","source"
"Singapore","Changi/Upper Changi","S24","2020","1","2020-01-01","31","31","88.4","6","4","27.732","78.749","54.745","91.823","44445","11.829","MSS/NEA Changi daily weather + data.gov.sg S24 humidity"
"Singapore","Changi/Upper Changi","S24","2020","2","2020-02-01","29","29","65","6","3","27.859","77.102","58.428","89.89","41729","12.869","MSS/NEA Changi daily weather + data.gov.sg S24 humidity"
"Singapore","Changi/Upper Changi","S24","2020","3","2020-03-01","31","31","108.8","4","4","28.616","76.367","55.719","89.632","44566","10.665","MSS/NEA Changi daily weather + data.gov.sg S24 humidity"
"Singapore","Changi/Upper Changi","S24","2020","4","2020-04-01","30","30","188","11","7","28.85","77.422","56.463","91.387","43135","8.43","MSS/NEA Changi daily weather + data.gov.sg S24 humidity"
"Singapore","Changi/Upper Changi","S24","2020","5","2020-05-01","31","31","255.6","15","9","28.913","80.254","61.781","92.555","44326","7.403","MSS/NEA Changi daily weather + data.gov.sg S24 humidity"
"Singapore","Changi/Upper Changi","S24","2020","6","2020-06-01","30","28","233.8","18","7","28.117","81.606","66.589","91.729","38336","8.179","MSS/NEA Changi daily weather + data.gov.sg S24 humidity"
"Singapore","Changi/Upper Changi","S24","2020","7","2020-07-01","31","31","140.8","16","6","27.952","79.469","62.426","91.003","42678","8.613","MSS/NEA Changi daily weather + data.gov.sg S24 humidity"
"Singapore","Changi/Upper Changi","S24","2020","8","2020-08-01","31","31","103.4","12","3","28.281","78.02","60.629","89.535","44393","9.29","MSS/NEA Changi daily weather + data.gov.sg S24 humidity"
"Singapore","Changi/Upper Changi","S24","2020","9","2020-09-01","30","30","150.2","13","5","27.533","80.18","62.387","91.503","42986","7.947","MSS/NEA Changi daily weather + data.gov.sg S24 humidity"
"Singapore","Changi/Upper Changi","S24","2020","10","2020-10-01","31","31","78.8","13","2","28.294","76.772","59.4","90.103","44189","7.297","MSS/NEA Changi daily weather + data.gov.sg S24 humidity"
"Singapore","Changi/Upper Changi","S24","2020","11","2020-11-01","30","30","220.6","14","6","27.247","82.638","64.023","93.04","42947","6.79","MSS/NEA Changi daily weather + data.gov.sg S24 humidity"
"Singapore","Changi/Upper Changi","S24","2020","12","2020-12-01","31","31","253.2","17","8","27.174","81.212","60.626","92.597","44430","9.371","MSS/NEA Changi daily weather + data.gov.sg S24 humidity"
"Singapore","Changi/Upper Changi","S24","2021","1","2021-01-01","31","28","692.8","15","8","25.981","81.589","66.932","91.225","37910","10.177","MSS/NEA Changi daily weather + data.gov.sg S24 humidity"
"Singapore","Changi/Upper Changi","S24","2021","2","2021-02-01","28","28","1","0","0","27.271","73.767","55.143","85.543","39637","13.232","MSS/NEA Changi daily weather + data.gov.sg S24 humidity"
"Singapore","Changi/Upper Changi","S24","2021","3","2021-03-01","31","31","182.4","12","7","27.923","76.516","53.516","90.213","44575","9.884","MSS/NEA Changi daily weather + data.gov.sg S24 humidity"
"Singapore","Changi/Upper Changi","S24","2021","4","2021-04-01","30","30","290.4","12","9","28.243","77.49","55.84","91.493","43148","6.837","MSS/NEA Changi daily weather + data.gov.sg S24 humidity"
"Singapore","Changi/Upper Changi","S24","2021","5","2021-05-01","31","31","245.8","11","7","28.703","79.258","59.465","91.797","44505","7.11","MSS/NEA Changi daily weather + data.gov.sg S24 humidity"
"Singapore","Changi/Upper Changi","S24","2021","6","2021-06-01","30","30","93.4","12","4","28.533","77.643","57.723","91.297","43142","7.003","MSS/NEA Changi daily weather + data.gov.sg S24 humidity"
"Singapore","Changi/Upper Changi","S24","2021","7","2021-07-01","31","31","195.8","10","5","28.619","76.424","58.655","89.248","44479","8.884","MSS/NEA Changi daily weather + data.gov.sg S24 humidity"
"Singapore","Changi/Upper Changi","S24","2021","8","2021-08-01","31","31","293.6","18","10","27.587","80.427","62.045","93.119","44523","7.761","MSS/NEA Changi daily weather + data.gov.sg S24 humidity"
"Singapore","Changi/Upper Changi","S24","2021","9","2021-09-01","30","30","205.4","10","5","28.3","77.184","58.49","90.523","43107","8.32","MSS/NEA Changi daily weather + data.gov.sg S24 humidity"
"Singapore","Changi/Upper Changi","S24","2021","10","2021-10-01","31","31","177","11","5","28.474","78.248","58.361","91.387","44574","7.4","MSS/NEA Changi daily weather + data.gov.sg S24 humidity"
"Singapore","Changi/Upper Changi","S24","2021","11","2021-11-01","30","30","312.4","21","10","27.59","81.768","61.233","93.477","43115","5.687","MSS/NEA Changi daily weather + data.gov.sg S24 humidity"
"Singapore","Changi/Upper Changi","S24","2021","12","2021-12-01","31","31","119.6","9","3","27.677","79.645","62.129","90.29","44573","8.471","MSS/NEA Changi daily weather + data.gov.sg S24 humidity"
"Singapore","Changi/Upper Changi","S24","2022","1","2022-01-01","31","31","99.8","9","2","27.448","77.318","58.768","89.055","44232","10.065","MSS/NEA Changi daily weather + data.gov.sg S24 humidity"
"Singapore","Changi/Upper Changi","S24","2022","2","2022-02-01","28","28","175","12","8","27.289","80.165","59.932","91.507","39792","9.25","MSS/NEA Changi daily weather + data.gov.sg S24 humidity"
"Singapore","Changi/Upper Changi","S24","2022","3","2022-03-01","31","31","163.2","14","5","28.09","79.093","57.774","91.074","42718","7.906","MSS/NEA Changi daily weather + data.gov.sg S24 humidity"
"Singapore","Changi/Upper Changi","S24","2022","4","2022-04-01","30","30","239.6","16","8","28.1","79.909","59.89","92.547","42753","6.137","MSS/NEA Changi daily weather + data.gov.sg S24 humidity"
"Singapore","Changi/Upper Changi","S24","2022","5","2022-05-01","31","31","102","11","2","29.161","76.393","56.855","89.713","44434","7.745","MSS/NEA Changi daily weather + data.gov.sg S24 humidity"
"Singapore","Changi/Upper Changi","S24","2022","6","2022-06-01","30","30","211.8","16","8","27.923","79.021","61.457","90.993","42517","6.223","MSS/NEA Changi daily weather + data.gov.sg S24 humidity"
"Singapore","Changi/Upper Changi","S24","2022","7","2022-07-01","31","31","145.2","14","5","28.606","76.707","59.919","88.977","44361","8.71","MSS/NEA Changi daily weather + data.gov.sg S24 humidity"
"Singapore","Changi/Upper Changi","S24","2022","8","2022-08-01","31","31","141.4","14","6","28.135","77.343","60.948","88.697","44468","8.616","MSS/NEA Changi daily weather + data.gov.sg S24 humidity"
"Singapore","Changi/Upper Changi","S24","2022","9","2022-09-01","30","30","121","10","3","27.93","77.025","60.603","88.753","42801","7.36","MSS/NEA Changi daily weather + data.gov.sg S24 humidity"
"Singapore","Changi/Upper Changi","S24","2022","10","2022-10-01","31","31","279.6","21","10","27.545","78.705","59.116","91.897","44257","6.243","MSS/NEA Changi daily weather + data.gov.sg S24 humidity"
"Singapore","Changi/Upper Changi","S24","2022","11","2022-11-01","30","30","313.8","20","10","27.367","79.765","59.917","92.467","42867","6.95","MSS/NEA Changi daily weather + data.gov.sg S24 humidity"
"Singapore","Changi/Upper Changi","S24","2022","12","2022-12-01","31","31","215.4","16","9","26.748","81.111","64.584","90.913","44377","8.758","MSS/NEA Changi daily weather + data.gov.sg S24 humidity"
"Singapore","Changi/Upper Changi","S24","2023","1","2023-01-01","31","1","302.6","17","8","26.535","83.478","80.9","85.6","475","9.123","MSS/NEA Changi daily weather + data.gov.sg S24 humidity"
"Singapore","Changi/Upper Changi","S24","2023","2","2023-02-01","28","26","324.4","13","7","26.946","79.33","61.688","89.727","35423","11.729","MSS/NEA Changi daily weather + data.gov.sg S24 humidity"
"Singapore","Changi/Upper Changi","S24","2023","3","2023-03-01","31","31","243.4","10","6","27.071","79.284","61.919","89.677","44540","11.687","MSS/NEA Changi daily weather + data.gov.sg S24 humidity"
"Singapore","Changi/Upper Changi","S24","2023","4","2023-04-01","30","30","222.8","12","5","28.543","77.503","57.067","89.297","42608","7.443","MSS/NEA Changi daily weather + data.gov.sg S24 humidity"
"Singapore","Changi/Upper Changi","S24","2023","5","2023-05-01","31","31","112.8","9","4","29.455","73.623","54.452","86.3","44493","8.787","MSS/NEA Changi daily weather + data.gov.sg S24 humidity"
"Singapore","Changi/Upper Changi","S24","2023","6","2023-06-01","30","30","228.4","12","6","29.017","74.966","58.887","86.77","42787","9.7","MSS/NEA Changi daily weather + data.gov.sg S24 humidity"
"Singapore","Changi/Upper Changi","S24","2023","7","2023-07-01","31","31","158","9","5","28.745","75.002","59.374","85.694","44493","10.626","MSS/NEA Changi daily weather + data.gov.sg S24 humidity"
"Singapore","Changi/Upper Changi","S24","2023","8","2023-08-01","31","31","114","10","4","28.681","74.507","57.965","86.465","44398","12.419","MSS/NEA Changi daily weather + data.gov.sg S24 humidity"
"Singapore","Changi/Upper Changi","S24","2023","9","2023-09-01","30","30","133","6","4","28.743","73.495","54.16","85.677","41418","12.973","MSS/NEA Changi daily weather + data.gov.sg S24 humidity"
"Singapore","Changi/Upper Changi","S24","2023","10","2023-10-01","31","31","96.6","7","4","29.006","73.362","50.948","87.103","43298","9.319","MSS/NEA Changi daily weather + data.gov.sg S24 humidity"
"Singapore","Changi/Upper Changi","S24","2023","11","2023-11-01","30","30","219","14","7","27.863","79.121","56.547","90.617","42721","7.093","MSS/NEA Changi daily weather + data.gov.sg S24 humidity"
"Singapore","Changi/Upper Changi","S24","2023","12","2023-12-01","31","31","256.2","19","7","27.3","82.683","64.145","91.881","44442","9.69","MSS/NEA Changi daily weather + data.gov.sg S24 humidity"
"Singapore","Changi/Upper Changi","S24","2024","1","2024-01-01","31","31","499.6","16","12","26.823","83.635","67.081","92.255","44417","12.587","MSS/NEA Changi daily weather + data.gov.sg S24 humidity"
"Singapore","Changi/Upper Changi","S24","2024","2","2024-02-01","29","29","60.2","8","3","28.224","75.673","55.91","87.848","41638","15.7","MSS/NEA Changi daily weather + data.gov.sg S24 humidity"
"Singapore","Changi/Upper Changi","S24","2024","3","2024-03-01","31","31","161.2","8","5","28.832","74.115","53.723","86.519","44345","13.868","MSS/NEA Changi daily weather + data.gov.sg S24 humidity"
"Singapore","Changi/Upper Changi","S24","2024","4","2024-04-01","30","30","204.8","11","4","29.38","75.598","55.813","88.93","42779","9.497","MSS/NEA Changi daily weather + data.gov.sg S24 humidity"
"Singapore","Changi/Upper Changi","S24","2024","5","2024-05-01","31","31","226.4","13","5","29.132","77.401","59.774","89.265","43513","8.542","MSS/NEA Changi daily weather + data.gov.sg S24 humidity"
"Singapore","Changi/Upper Changi","S24","2024","6","2024-06-01","30","30","245.4","16","7","28.683","76.543","59.107","88.9","43054","8.747","MSS/NEA Changi daily weather + data.gov.sg S24 humidity"
"Singapore","Changi/Upper Changi","S24","2024","7","2024-07-01","31","31","36.8","6","2","29.255","72.518","56.258","83.871","44321","13.4","MSS/NEA Changi daily weather + data.gov.sg S24 humidity"
"Singapore","Changi/Upper Changi","S24","2024","8","2024-08-01","31","31","85.8","10","3","28.665","77.105","58.71","89.942","44422","11.226","MSS/NEA Changi daily weather + data.gov.sg S24 humidity"
"Singapore","Changi/Upper Changi","S24","2024","9","2024-09-01","30","30","122.4","12","4","28.757","77.426","58.523","91.18","42538","11.057","MSS/NEA Changi daily weather + data.gov.sg S24 humidity"
"Singapore","Changi/Upper Changi","S24","2024","10","2024-10-01","31","31","147.6","10","4","28.542","78.885","59.255","92.252","44580","8.542","MSS/NEA Changi daily weather + data.gov.sg S24 humidity"
"Singapore","Changi/Upper Changi","S24","2024","11","2024-11-01","30","30","407.4","18","14","27.357","84.688","64.447","95.127","41849","7.207","MSS/NEA Changi daily weather + data.gov.sg S24 humidity"
"Singapore","Changi/Upper Changi","S24","2024","12","2024-12-01","31","31","234.4","16","4","27.658","80.716","60.961","93.139","43654","10.777","MSS/NEA Changi daily weather + data.gov.sg S24 humidity"
